第六加油站,10.97.226.98,10.97.226.97
桥头加油站,10.97.226.162,10.97.226.161
奔驰加油站,10.97.226.2,10.97.226.1
白水河加油站,10.97.236.2,10.97.236.1
东门加油站,10.97.236.66,10.97.236.65
西门加油站,10.97.236.162,10.97.236.161
三其加油站,10.97.224.194,10.97.224.193
海湖桥加油站,10.97.222.66,10.97.222.65
生物园区加油站,10.97.221.194,10.97.221.193
光华加油路,10.97.235.226,10.97.235.225
城南加油站,10.97.222.226,10.97.222.225
六一桥加油站,10.97.222.98,10.97.222.97
水磨加油站,10.97.222.162,10.97.222.161
宁大加油站,10.97.221.130,10.97.221.129
八一路加油站,10.97.224.162,10.97.224.161
德令哈加油站,10.97.223.194,10.97.223.193
开发区加油站,10.97.223.162,10.97.223.161
峡口加油站,10.97.224.130,10.97.224.129
杨家庄加油站,10.97.224.2,10.97.224.1
韵家口加油站,10.97.223.226,10.97.223.225
导向加油站,10.97.225.66,10.97.225.65
中庄加油站,10.97.224.34,10.97.224.33
祁连路加油站,10.97.221.162,10.97.221.161
北环加油站,10.97.224.226,10.97.224.225
甘河滩加油站,10.97.234.162,10.97.234.161
上新庄工业园区加油站,10.97.225.2,10.97.225.1
飞天加油站,10.97.223.130,10.97.223.129
第二加油站,10.97.234.2,10.97.234.1
尚丽群加油站,10.97.221.66,10.97.221.65
新纪元加油站,10.97.222.2,10.97.222.1
汇源站,10.97.233.130,10.97.233.129
董家庄站,10.97.233.98,10.97.233.97
日月站,10.97.233.162,10.97.233.161
茶汗素站,10.97.230.130,10.97.230.129
东关,10.97.233.66,10.97.233.65
大华,10.97.233.34,10.97.233.33
共和服务区北站,10.97.228.194,10.97.228.193
共和服务区南站,10.97.228.226,10.97.228.225
倒淌河站,10.97.228.34,10.97.228.33
贵德河东站,10.97.229.34,10.97.229.33
贵德郭拉站,10.97.229.2,10.97.229.1
祁连城东站,10.97.239.2,10.97.239.1
刚察城东站,10.97.227.2,10.97.227.1
海北西海站,10.97.230.34,10.97.230.33
海北城西站,10.97.230.2,10.97.230.1
平安中心站,10.97.238.130,10.97.238.129
平安瑶房站,10.97.238.98,10.97.238.97
平安平茂站,10.97.238.34,10.97.238.33
乐都河湟站,10.97.235.98,10.97.235.97
乐都滨河站,10.97.235.2,10.97.235.1
民和米拉湾站,10.97.237.66,10.97.237.65
民和史纳站,10.97.237.98,10.97.237.97
民和县城站,10.97.237.130,10.97.237.129
循化县城站,10.97.241.66,10.97.241.65
循化街子站,10.97.241.34,10.97.241.33
化隆多巴站,10.97.223.98,10.97.223.97
化隆群科东站,10.97.241.98,10.97.241.97
化隆阿李高速停车区,10.97.232.162,10.97.232.161
互助东环站,10.97.231.66,10.97.231.65
互助威远站,10.97.231.162,10.97.231.161
天峻二站,10.97.252.2,10.97.252.1
德令哈青新加油站,10.97.244.98,10.97.244.97
都兰加油站,10.97.251.34,10.97.251.33
德令哈昆仑加油站,10.97.244.66,10.97.244.65
德令哈长江路加油站,10.97.244.2,10.97.244.1
都兰胜利加油站,10.97.251.66,10.97.251.65
天峻三站,10.97.252.34,10.97.252.33
乌兰交通(第二)加油站,10.97.245.2,10.97.245.1
大柴旦国道西出口加油站,10.97.252.226,10.97.252.225
黄河路加油站,10.97.246.162,10.97.246.161
郭镇加油站,10.97.248.226,10.97.248.225
小岛加油站,10.97.247.162,10.97.247.161
柴达木路加油站,10.97.246.98,10.97.246.97
滨河加油站,10.97.246.34,10.97.246.33
泰山加油站,10.97.247.66,10.97.247.65
盐桥中路加油站,10.97.247.194,10.97.247.193
长江南路加油站,10.97.250.194,10.97.250.193
金属镁加油站,10.97.248.194,10.97.248.193
北郊加油站,10.97.246.2,10.97.246.1
黄南第二加油站,10.97.254.34,10.97.254.33
同德县站,10.97.255.162,10.97.255.161
贵南城西站,10.97.254.98,10.97.254.97
兴海东大街站,10.97.240.34,10.97.240.33
同仁年都乎出入口加油站,10.97.254.66,10.97.254.65
尖扎县城加油站,10.97.255.98,10.97.255.97
河南县城加油站,10.97.254.162,10.97.254.161
泽库县城加油站,10.97.255.194,10.97.255.193
三岔口加油站,10.97.250.34,10.97.250.33
大武加油站,10.97.249.66,10.97.249.65
久治加油站,10.97.249.130,10.97.249.129
玛沁加油站,10.97.249.226,10.97.249.225
达日加油站,10.97.249.34,10.97.249.33
班玛加油站,10.97.249.2,10.97.249.1
新寨加油站,10.97.243.34,10.97.243.33
结古加油站,10.97.242.34,10.97.242.33
赛马场加油站,10.97.242.130,10.97.242.129
囊谦加油站,10.97.243.2,10.97.243.1
西杭加油站,10.97.242.2,10.97.242.1
清水河加油站,10.97.242.66,10.97.242.65